{
  "web": {
    "client_id": "474435376108-8kicr6v5dam5p44egidrdj8kbeeqa222.apps.googleusercontent.com",
    "project_id": "aimeetingassistant-470006",
    "auth_uri": "https://accounts.google.com/o/oauth2/auth",
    "token_uri": "https://oauth2.googleapis.com/token",
    "auth_provider_x509_cert_url": "https://www.googleapis.com/oauth2/v1/certs",
    "client_secret": "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",
    "redirect_uris": [
      "http://localhost:8000/auth/callback",
      "http://127.0.0.1:8000/auth/callback",
      "http://localhost:8080/oauth-callback.html"
    ]
  }
}
